<?xml version="1.0"?>
<data grt_format="2.0">
  <value _ptr_="0x55d9daeb01e0" type="list" content-type="object" content-struct-name="db.mgmt.Connection">
    <value type="object" struct-name="db.mgmt.Connection" id="6584b3d6-23cc-11e9-8f67-441ea1e290df" struct-checksum="0x96ba47d8">
      <link type="object" struct-name="db.mgmt.Driver" key="driver">com.mysql.rdbms.mysql.driver.native</link>
      <value type="string" key="hostIdentifier">Mysql@localhost:3306</value>
      <value type="int" key="isDefault">0</value>
      <value _ptr_="0x55d9db4f40a0" type="dict" key="modules"/>
      <value _ptr_="0x55d9db4565a0" type="dict" key="parameterValues">
        <value type="string" key=""></value>
        <value type="string" key="SQL_MODE"></value>
        <value type="string" key="hostName">localhost</value>
        <value type="int" key="lastConnected">1548770233</value>
        <value type="string" key="password"></value>
        <value type="int" key="port">3306</value>
        <value type="string" key="schema"></value>
        <value type="string" key="serverVersion"></value>
        <value type="string" key="sslCA"></value>
        <value type="string" key="sslCert"></value>
        <value type="string" key="sslCipher"></value>
        <value type="string" key="sslKey"></value>
        <value type="int" key="useSSL">1</value>
        <value type="string" key="userName">root</value>
      </value>
      <value type="string" key="name">Local_Instance_3306</value>
      <link type="object" struct-name="GrtObject" key="owner">dce98db6-453d-11e9-a811-9439e557fa91</link>
    </value>
    <value type="object" struct-name="db.mgmt.Connection" id="95927587-23d2-11e9-8f67-441ea1e290df" struct-checksum="0x96ba47d8">
      <link type="object" struct-name="db.mgmt.Driver" key="driver">com.mysql.rdbms.mysql.driver.native</link>
      <value type="string" key="hostIdentifier">Mysql@127.0.0.1:3306</value>
      <value type="int" key="isDefault">1</value>
      <value _ptr_="0x55d9db456c60" type="dict" key="modules"/>
      <value _ptr_="0x55d9db456ce0" type="dict" key="parameterValues">
        <value type="string" key=""></value>
        <value type="string" key="DbSqlEditor:LastDefaultSchema"></value>
        <value type="string" key="SQL_MODE"></value>
        <value type="string" key="hostName">127.0.0.1</value>
        <value type="int" key="lastConnected">1552447085</value>
        <value type="string" key="password"></value>
        <value type="int" key="port">3306</value>
        <value type="string" key="schema"></value>
        <value type="string" key="serverVersion">5.7.25-0ubuntu0.18.10.2</value>
        <value type="string" key="sslCA"></value>
        <value type="string" key="sslCert"></value>
        <value type="string" key="sslCipher"></value>
        <value type="string" key="sslKey"></value>
        <value type="int" key="useSSL">1</value>
        <value type="string" key="userName">jose</value>
      </value>
      <value type="string" key="name">Garaje</value>
      <link type="object" struct-name="GrtObject" key="owner">dce98db6-453d-11e9-a811-9439e557fa91</link>
    </value>
    <value type="object" struct-name="db.mgmt.Connection" id="784780b9-2646-11e9-ba4f-441ea1e290df" struct-checksum="0x96ba47d8">
      <link type="object" struct-name="db.mgmt.Driver" key="driver">com.mysql.rdbms.mysql.driver.native</link>
      <value type="string" key="hostIdentifier">Mysql@127.0.0.1:3306</value>
      <value type="int" key="isDefault">0</value>
      <value _ptr_="0x55d9db4573a0" type="dict" key="modules"/>
      <value _ptr_="0x55d9db457420" type="dict" key="parameterValues">
        <value type="string" key="DbSqlEditor:LastDefaultSchema">ticket</value>
        <value type="string" key="SQL_MODE"></value>
        <value type="string" key="hostName">127.0.0.1</value>
        <value type="int" key="lastConnected">1550489807</value>
        <value type="string" key="password"></value>
        <value type="int" key="port">3306</value>
        <value type="string" key="schema"></value>
        <value type="string" key="serverVersion">5.7.25-0ubuntu0.18.10.2</value>
        <value type="string" key="sslCA"></value>
        <value type="string" key="sslCert"></value>
        <value type="string" key="sslCipher"></value>
        <value type="string" key="sslKey"></value>
        <value type="int" key="useSSL">1</value>
        <value type="string" key="userName">jose</value>
      </value>
      <value type="string" key="name">Equipos</value>
      <link type="object" struct-name="GrtObject" key="owner">dce98db6-453d-11e9-a811-9439e557fa91</link>
    </value>
  </value>
</data>
