<?xml version="1.0"?>
<data grt_format="2.0">
  <value _ptr_="0x55d9dafdcd40" type="list" content-type="object" content-struct-name="db.mgmt.ServerInstance">
    <value type="object" struct-name="db.mgmt.ServerInstance" id="6584b3d5-23cc-11e9-8f67-441ea1e290df" struct-checksum="0x367436e2">
      <link type="object" struct-name="db.mgmt.Connection" key="connection">6584b3d6-23cc-11e9-8f67-441ea1e290df</link>
      <value _ptr_="0x55d9db517d40" type="dict" key="loginInfo"/>
      <value _ptr_="0x55d9db517dc0" type="dict" key="serverInfo">
        <value type="string" key="detected_os_name">Linux</value>
        <value type="string" key="detected_os_type">linux</value>
        <value type="string" key="detected_os_variant">Ubuntu</value>
        <value type="string" key="detected_os_version">18.10</value>
        <value type="int" key="setupPending">0</value>
        <value type="string" key="sys.config.path"></value>
        <value type="string" key="sys.config.section">mysqld</value>
        <value type="string" key="sys.preset">Custom</value>
        <value type="string" key="sys.sudo"></value>
        <value type="string" key="sys.system">Linux</value>
        <value type="int" key="sys.usesudo">0</value>
        <value type="int" key="sys.usesudostatus">0</value>
      </value>
      <value type="string" key="name">Local_Instance_3306</value>
    </value>
    <value type="object" struct-name="db.mgmt.ServerInstance" id="a64f1956-23d2-11e9-8f67-441ea1e290df" struct-checksum="0x367436e2">
      <link type="object" struct-name="db.mgmt.Connection" key="connection">95927587-23d2-11e9-8f67-441ea1e290df</link>
      <value _ptr_="0x55d9db518460" type="dict" key="loginInfo">
        <value type="string" key="ssh.hostName"></value>
        <value type="string" key="ssh.key">~/.ssh/ssh_private_key</value>
        <value type="string" key="ssh.localPort">3306</value>
        <value type="int" key="ssh.useKey">0</value>
        <value type="string" key="ssh.userName">mysql</value>
      </value>
      <value _ptr_="0x55d9db5184e0" type="dict" key="serverInfo">
        <value type="string" key="serverVersion">5.7</value>
        <value type="int" key="setupPending">0</value>
        <value type="string" key="sys.config.path">/etc/mysql/my.cnf</value>
        <value type="string" key="sys.config.section">mysqld</value>
        <value type="string" key="sys.mysqld.start">/etc/init.d/mysql start</value>
        <value type="string" key="sys.mysqld.stop">/etc/init.d/mysql stop</value>
        <value type="string" key="sys.sudo"></value>
        <value type="string" key="sys.system">Linux</value>
        <value type="int" key="sys.usesudo">1</value>
      </value>
      <value type="string" key="name">Garaje</value>
    </value>
    <value type="object" struct-name="db.mgmt.ServerInstance" id="85c70dc6-2646-11e9-ba4f-441ea1e290df" struct-checksum="0x367436e2">
      <link type="object" struct-name="db.mgmt.Connection" key="connection">784780b9-2646-11e9-ba4f-441ea1e290df</link>
      <value _ptr_="0x55d9db518b90" type="dict" key="loginInfo">
        <value type="string" key="ssh.hostName"></value>
        <value type="string" key="ssh.key">~/.ssh/ssh_private_key</value>
        <value type="string" key="ssh.localPort">3306</value>
        <value type="int" key="ssh.useKey">0</value>
        <value type="string" key="ssh.userName">mysql</value>
      </value>
      <value _ptr_="0x55d9db518c10" type="dict" key="serverInfo">
        <value type="string" key="serverVersion">5.7</value>
        <value type="int" key="setupPending">1</value>
        <value type="string" key="sys.config.path">/etc/mysql/my.cnf</value>
        <value type="string" key="sys.config.section">mysqld</value>
        <value type="string" key="sys.mysqld.start">/etc/init.d/mysql start</value>
        <value type="string" key="sys.mysqld.stop">/etc/init.d/mysql stop</value>
        <value type="string" key="sys.system">Linux</value>
        <value type="int" key="sys.usesudo">1</value>
      </value>
      <value type="string" key="name">Equipos</value>
    </value>
  </value>
</data>
